first_name,last_name,email,gender,address
Cecil,Kix,ckix0@lycos.com,Female,63 Merchant Hill
Carlina,Alekseicik,calekseicik1@cdc.gov,Female,71 Randy Way
Vidovik,Aleksich,valeksich2@usda.gov,Male,45817 Algoma Circle
Levy,Snalom,lsnalom3@wufoo.com,Male,56 Laurel Circle
Stephine,Brailsford,sbrailsford4@soup.io,Female,461 Straubel Point
Fionna,Rundle,frundle5@forbes.com,Female,4646 Waxwing Place
Gertrude,Landsborough,glandsborough6@seattletimes.com,Female,1455 Blaine Center
Audrye,Flute,aflute7@ucsd.edu,Female,4 Maple Wood Trail
Tiertza,Spry,tspry8@bigcartel.com,Female,62836 Huxley Place
Maurie,Bambridge,mbambridge9@usda.gov,Male,871 Tennyson Crossing
Hanna,Ovell,hovella@weebly.com,Female,581 Summer Ridge Drive
Hyacintha,Matyja,hmatyjab@addtoany.com,Female,20621 Sherman Pass
Pepita,Emett,pemettc@sitemeter.com,Female,82612 Oriole Park
Auberta,Simounet,asimounetd@newsvine.com,Female,149 Johnson Terrace
Lynea,Treend,ltreende@wikia.com,Female,93094 Dottie Terrace
Meris,Wooler,mwoolerf@digg.com,Female,5 High Crossing Point
Lulita,Fairrie,lfairrieg@smugmug.com,Female,5750 Ludington Pass
Meris,Kestle,mkestleh@sphinn.com,Female,178 Lotheville Pass
Fairfax,MacLeod,fmacleodi@ameblo.jp,Male,02829 Gale Plaza
Kerrill,Humberston,khumberstonj@dmoz.org,Female,6 Artisan Pass
Catriona,Tiron,ctironk@hatena.ne.jp,Female,7 Mcbride Parkway
Angelo,Dudson,adudsonl@booking.com,Male,71745 Pepper Wood Way
Trev,Stebbings,tstebbingsm@ed.gov,Male,587 Pleasure Place
Wayland,Balnave,wbalnaven@uiuc.edu,Male,14764 Spohn Way
Nappy,Rowlings,nrowlingso@cornell.edu,Male,44163 Rusk Trail
Petrina,Killner,pkillnerp@studiopress.com,Female,1 Iowa Trail
Lorenza,Samwaye,lsamwayeq@engadget.com,Female,3 Donald Park
Patricia,Thwaites,pthwaitesr@fda.gov,Female,13152 Jenna Lane
Arlyn,Piccop,apiccops@pcworld.com,Female,20 Cordelia Park
Ingaberg,Geddes,igeddest@hc360.com,Female,21 Ramsey Street
Crichton,Beedham,cbeedhamu@rakuten.co.jp,Male,5350 Northport Junction
Far,Clemont,fclemontv@webs.com,Male,08 Portage Parkway
Sherrie,Sherer,sshererw@ucla.edu,Female,97462 Luster Plaza
Hadlee,Mound,hmoundx@multiply.com,Male,30 Dexter Parkway
Dru,Kleinmann,dkleinmanny@baidu.com,Male,03 Loomis Circle
Oona,Hatzar,ohatzarz@digg.com,Female,3760 Linden Crossing
Ruthe,Valintine,rvalintine10@hatena.ne.jp,Female,7 Annamark Crossing
Jackqueline,Moir,jmoir11@addthis.com,Female,5244 Hagan Pass
Pincas,Farncomb,pfarncomb12@bravesites.com,Male,409 Helena Hill
Puff,Shorey,pshorey13@comcast.net,Male,1767 Ridge Oak Lane
Alfonse,Fedynski,afedynski14@mit.edu,Male,05592 Arkansas Crossing
Robinette,De Atta,rdeatta15@vkontakte.ru,Female,01 Ludington Junction
Randie,Eannetta,reannetta16@techcrunch.com,Male,5053 Sauthoff Alley
Ricoriki,Giottini,rgiottini17@php.net,Male,1349 Sunfield Center
Nichole,Boler,nboler18@admin.ch,Female,6 Longview Center
Baron,Edmed,bedmed19@cloudflare.com,Male,09679 Red Cloud Parkway
Amalea,Serraillier,aserraillier1a@gizmodo.com,Female,99 Blue Bill Park Park
Erika,Niaves,eniaves1b@dedecms.com,Female,0913 Meadow Vale Lane
Fee,Jess,fjess1c@clickbank.net,Male,666 Merry Road
Lucien,Ifill,lifill1d@wix.com,Male,56 Lillian Trail
Phyllys,Vint,pvint1e@sina.com.cn,Female,1937 Kingsford Lane
Quintin,Cammis,qcammis1f@fotki.com,Male,5 Shasta Trail
Ania,Armitage,aarmitage1g@hatena.ne.jp,Female,606 Londonderry Park
Jacenta,Topes,jtopes1h@microsoft.com,Female,2635 Corry Park
Giovanna,Hambers,ghambers1i@yahoo.co.jp,Female,6 Center Park
Paco,Paullin,ppaullin1j@telegraph.co.uk,Male,110 Valley Edge Point
Lu,Dablin,ldablin1k@example.com,Female,02489 Morning Lane
Keefe,Tate,ktate1l@seattletimes.com,Male,322 Bobwhite Circle
Melinda,Kubicki,mkubicki1m@list-manage.com,Female,861 Coolidge Court
Muffin,Stelfox,mstelfox1n@typepad.com,Male,717 Northridge Park
Kata,Stolworthy,kstolworthy1o@constantcontact.com,Female,149 Little Fleur Park
Kristine,Dwire,kdwire1p@livejournal.com,Female,48174 Browning Pass
Tracy,Guiden,tguiden1q@trellian.com,Male,2683 Dunning Alley
Peggi,Jorn,pjorn1r@cpanel.net,Female,10458 Merchant Trail
Avery,Behrendsen,abehrendsen1s@google.es,Male,6835 Orin Park
Zora,Spiniello,zspiniello1t@ow.ly,Female,0776 Ludington Place
Dina,Van Eeden,dvaneeden1u@seesaa.net,Female,51 Southridge Plaza
Marysa,Tarquinio,mtarquinio1v@pagesperso-orange.fr,Female,16 Northland Way
Katerine,Worpole,kworpole1w@bloglovin.com,Female,458 Kim Lane
Davita,Peddel,dpeddel1x@prlog.org,Female,7547 Oxford Plaza
Merwyn,Guyonneau,mguyonneau1y@wsj.com,Male,4046 Fair Oaks Trail
Lane,Vanyukov,lvanyukov1z@bandcamp.com,Female,6232 Dryden Road
Tamarah,Flatt,tflatt20@ucoz.ru,Female,6 Marquette Street
Amitie,Elegood,aelegood21@unblog.fr,Female,64147 Cardinal Center
Kory,Sopper,ksopper22@creativecommons.org,Male,20 School Lane
Lynnelle,Waggitt,lwaggitt23@va.gov,Female,76 Gina Trail
Nicolai,Gauvin,ngauvin24@epa.gov,Male,5 Del Sol Junction
Cyrillus,Jillions,cjillions25@google.com.br,Male,7 Bultman Way
Granville,Bottell,gbottell26@biblegateway.com,Male,82 Clove Hill
Patricia,Kingcote,pkingcote27@ed.gov,Female,0 Donald Drive
Alecia,Dahlen,adahlen28@yahoo.co.jp,Female,31 Eagle Crest Crossing
Renee,Dearan,rdearan29@go.com,Female,3 Miller Alley
Beryle,Dyshart,bdyshart2a@acquirethisname.com,Female,01588 Hauk Hill
Mateo,Dee,mdee2b@globo.com,Male,60 Hagan Way
Selina,McNern,smcnern2c@yahoo.co.jp,Female,12 Anderson Way
Jess,De Beauchamp,jdebeauchamp2d@meetup.com,Female,420 8th Park
Luce,Hairs,lhairs2e@prweb.com,Female,1 Crownhardt Lane
Danella,Cherry,dcherry2f@eventbrite.com,Female,45263 Rusk Center
Annice,Sumers,asumers2g@upenn.edu,Female,2151 Everett Circle
Rayner,Eakeley,reakeley2h@independent.co.uk,Male,6 Delaware Drive
Waly,Desport,wdesport2i@devhub.com,Female,1241 Brentwood Parkway
Austin,Dillinger,adillinger2j@booking.com,Female,482 Algoma Street
Giorgia,O' Kelleher,gokelleher2k@gravatar.com,Female,02 Maple Wood Lane
Beckie,Whorlton,bwhorlton2l@clickbank.net,Female,198 Vera Street
Flinn,Jiggle,fjiggle2m@mac.com,Male,4 Manufacturers Pass
Sid,Gon,sgon2n@mapquest.com,Male,08 Dorton Place
Eba,Grayer,egrayer2o@xrea.com,Female,6622 Bluestem Drive
Skipp,Winkworth,swinkworth2p@webmd.com,Male,63552 1st Plaza
Kania,Train,ktrain2q@pagesperso-orange.fr,Female,00057 Stone Corner Place
Benedick,Barneveld,bbarneveld2r@goo.gl,Male,9353 Kim Place
Julietta,Grangier,jgrangier2s@amazon.de,Female,76460 Del Mar Alley
Minnnie,Attwood,mattwood2t@ed.gov,Female,6 Arkansas Court
Naoma,Scullard,nscullard2u@desdev.cn,Female,7 Waxwing Pass
Jonah,Arthan,jarthan2v@fotki.com,Male,6 Buena Vista Pass
Pooh,Neillans,pneillans2w@eepurl.com,Female,1 Morningstar Center
Evanne,Goodman,egoodman2x@mashable.com,Female,3 1st Lane
Kelwin,Lissandri,klissandri2y@flickr.com,Male,9337 Hauk Street
Gabi,Churches,gchurches2z@wisc.edu,Female,7842 Eagle Crest Place
Marillin,MacTrustam,mmactrustam30@webnode.com,Female,7 Waywood Point
Katalin,Silcock,ksilcock31@nyu.edu,Female,1 Warner Parkway
Hadley,Hansill,hhansill32@ibm.com,Male,442 Hayes Parkway
Caterina,Zanotti,czanotti33@wisc.edu,Female,778 Vermont Trail
Emmalyn,Ortsmann,eortsmann34@hugedomains.com,Female,33 Fuller Terrace
Jefferson,Abela,jabela35@cisco.com,Male,37 Hoepker Circle
Sanders,Ahren,sahren36@drupal.org,Male,27429 Raven Avenue
Glennie,Kopman,gkopman37@storify.com,Female,057 Corry Avenue
Mahalia,Swires,mswires38@weebly.com,Female,994 Independence Road
Rory,Chatres,rchatres39@scientificamerican.com,Male,83468 Huxley Parkway
Silvester,Truwert,struwert3a@unicef.org,Male,71978 Anthes Drive
Leticia,McKmurrie,lmckmurrie3b@house.gov,Female,084 Coolidge Point
Randy,Ronchka,rronchka3c@hexun.com,Female,019 Saint Paul Alley
Inger,Currum,icurrum3d@dailymail.co.uk,Female,280 Hooker Circle
Constantia,Rawnsley,crawnsley3e@hud.gov,Female,29274 Eastlawn Way
Ingar,MacKeller,imackeller3f@drupal.org,Male,519 Merchant Crossing
Garrard,Scowcraft,gscowcraft3g@ox.ac.uk,Male,54 Chive Park
Koo,Bundy,kbundy3h@eventbrite.com,Female,325 Oriole Plaza
Latrena,Peters,lpeters3i@mac.com,Female,3345 Surrey Pass
Maitilde,Darte,mdarte3j@ustream.tv,Female,6 Pepper Wood Alley
Chaddie,Malan,cmalan3k@hexun.com,Male,8996 Forster Court
Mehetabel,Bettley,mbettley3l@eepurl.com,Female,125 Mayer Court
Sigrid,Huckerbe,shuckerbe3m@ask.com,Female,07 Petterle Center
Ariela,Rowlands,arowlands3n@webs.com,Female,352 Harbort Hill
Alfi,Calloway,acalloway3o@booking.com,Female,918 North Way
Goddart,Metschke,gmetschke3p@wordpress.com,Male,218 Menomonie Circle
Tallie,Vermer,tvermer3q@telegraph.co.uk,Male,678 Bashford Street
Dion,MacRorie,dmacrorie3r@epa.gov,Male,14135 Mayfield Alley
Rubina,Poole,rpoole3s@bbc.co.uk,Female,80 Katie Drive
Cammie,Greg,cgreg3t@mac.com,Female,695 Rusk Terrace
Consolata,Lidgey,clidgey3u@cbsnews.com,Female,321 Dottie Hill
Terese,Chattell,tchattell3v@unesco.org,Female,20064 Brown Center
Corby,Fiddler,cfiddler3w@163.com,Male,24565 Hayes Park
Hilde,Gaskill,hgaskill3x@odnoklassniki.ru,Female,5 Waxwing Avenue
Mariquilla,Guerro,mguerro3y@scientificamerican.com,Female,47 Mitchell Center
Si,Brock,sbrock3z@buzzfeed.com,Male,55 Dawn Pass
Harlene,Himpson,hhimpson40@phpbb.com,Female,67023 Reindahl Point
Baxy,Skilling,bskilling41@microsoft.com,Male,065 Jackson Pass
Alonzo,Vlasyuk,avlasyuk42@umn.edu,Male,11 Fallview Lane
Alvin,Richardet,arichardet43@blogspot.com,Male,318 Anderson Trail
Zsa zsa,Bassingden,zbassingden44@oakley.com,Female,984 Clyde Gallagher Center
Harriette,Shewen,hshewen45@hp.com,Female,9476 Mayfield Way
Wandis,Stranger,wstranger46@icio.us,Female,0 Onsgard Trail
Killie,Crocombe,kcrocombe47@aol.com,Male,480 Pepper Wood Junction
Skip,Blyde,sblyde48@drupal.org,Male,673 Florence Plaza
Iolande,Dedrick,idedrick49@discuz.net,Female,9 Ohio Street
Barbee,Daily,bdaily4a@theatlantic.com,Female,2997 Blue Bill Park Avenue
Deeanne,Schroder,dschroder4b@dell.com,Female,203 Jackson Hill
Cassandra,Reast,creast4c@soup.io,Female,4268 Esker Road
Homerus,Sandlin,hsandlin4d@state.gov,Male,9954 Cherokee Terrace
Herman,Spall,hspall4e@shinystat.com,Male,1398 Village Green Pass
Colman,Dyball,cdyball4f@mail.ru,Male,3 Annamark Hill
Yardley,Morat,ymorat4g@ft.com,Male,398 Elgar Trail
Byron,Steinhammer,bsteinhammer4h@linkedin.com,Male,97 Thierer Street
Mattie,Maddie,mmaddie4i@auda.org.au,Male,83 Westerfield Pass
Hillyer,Leadbetter,hleadbetter4j@networkadvertising.org,Male,94 Crest Line Drive
Seamus,Bramstom,sbramstom4k@constantcontact.com,Male,42 Hanson Alley
Cornie,Mulcahy,cmulcahy4l@123-reg.co.uk,Female,81246 Sheridan Park
Franklyn,Figure,ffigure4m@soup.io,Male,258 Lakeland Pass
Molly,Zavittieri,mzavittieri4n@va.gov,Female,47 Blue Bill Park Plaza
Sondra,Lamort,slamort4o@infoseek.co.jp,Female,51 Anzinger Trail
Milena,Dinsdale,mdinsdale4p@springer.com,Female,1641 Harper Circle
Delcina,O'Finan,dofinan4q@howstuffworks.com,Female,72381 Claremont Plaza
Muriel,Grevatt,mgrevatt4r@barnesandnoble.com,Female,788 Arrowood Pass
Linn,Hatterslay,lhatterslay4s@sitemeter.com,Male,50565 Crescent Oaks Road
Kennett,Bessey,kbessey4t@ustream.tv,Male,11 Pepper Wood Plaza
Sherm,Madoc-Jones,smadocjones4u@altervista.org,Male,2 International Parkway
Koenraad,O'Nolan,konolan4v@studiopress.com,Male,135 Burning Wood Terrace
Helge,Snepp,hsnepp4w@wufoo.com,Female,3 Dennis Lane
Ruggiero,Kimmins,rkimmins4x@1und1.de,Male,12220 Fallview Junction
Bernice,Risom,brisom4y@google.fr,Female,4 Hintze Road
Georgy,Soppit,gsoppit4z@ask.com,Male,405 Golf View Crossing
Wang,Karpol,wkarpol50@intel.com,Male,8002 Maple Wood Center
Maurie,Brandone,mbrandone51@theatlantic.com,Male,89 Manufacturers Way
Odella,Whitelaw,owhitelaw52@google.ca,Female,28676 Annamark Street
Levy,Vearnals,lvearnals53@smugmug.com,Male,4173 Kipling Parkway
Carena,Pennings,cpennings54@prnewswire.com,Female,367 Roth Trail
Freedman,Sjollema,fsjollema55@slashdot.org,Male,68 Katie Place
Glad,Sherebrooke,gsherebrooke56@google.it,Female,6257 Michigan Point
Caitrin,Dicke,cdicke57@123-reg.co.uk,Female,68 Grim Center
Thacher,Goodered,tgoodered58@sun.com,Male,338 Beilfuss Crossing
Alexis,Bauldry,abauldry59@jugem.jp,Female,6054 Kennedy Plaza
Linn,Dahlen,ldahlen5a@nsw.gov.au,Male,79368 Amoth Court
Lyssa,Whitrod,lwhitrod5b@paypal.com,Female,01358 Brickson Park Trail
Phyllis,Crose,pcrose5c@nifty.com,Female,98 Heath Point
Beverlie,Minette,bminette5d@ehow.com,Female,58180 Ronald Regan Road
Toby,Walewski,twalewski5e@angelfire.com,Female,184 Straubel Park
Ellsworth,Carmont,ecarmont5f@huffingtonpost.com,Male,64044 Utah Alley
Anatola,Blench,ablench5g@mapy.cz,Female,59 Arrowood Place
Anitra,Asp,aasp5h@wordpress.com,Female,1 Spaight Avenue
Emmaline,Truluck,etruluck5i@taobao.com,Female,986 Marcy Trail
Nicolea,Senecaux,nsenecaux5j@parallels.com,Female,60746 Riverside Street
Henderson,Liddyard,hliddyard5k@wordpress.org,Male,32422 La Follette Junction
Linette,Legonidec,llegonidec5l@histats.com,Female,27 Golf View Park
Sigvard,Renard,srenard5m@mayoclinic.com,Male,250 Londonderry Pass
Nananne,MacCourt,nmaccourt5n@bluehost.com,Female,1364 Randy Road
Dari,Meo,dmeo5o@china.com.cn,Female,5 American Pass
Amargo,Cowlin,acowlin5p@wunderground.com,Female,15 Homewood Center
Gianna,Tows,gtows5q@flavors.me,Female,6743 Fuller Crossing
Gilemette,Baylie,gbaylie5r@cmu.edu,Female,35 Commercial Court
Kaylil,Esland,kesland5s@earthlink.net,Female,8 Orin Trail
Timmi,Knyvett,tknyvett5t@usnews.com,Female,54 Comanche Way
Maurits,Docherty,mdocherty5u@sourceforge.net,Male,0 Northwestern Hill
Orrin,Wiles,owiles5v@slate.com,Male,469 Ludington Trail
Theodora,Bottomer,tbottomer5w@opensource.org,Female,0 Fremont Crossing
Rocky,Doumerque,rdoumerque5x@moonfruit.com,Male,9433 Meadow Valley Circle
Marlon,Challenger,mchallenger5y@blogs.com,Male,20850 Randy Alley
Christie,Bleazard,cbleazard5z@studiopress.com,Female,710 4th Terrace
Kendall,Valti,kvalti60@sciencedirect.com,Male,5892 Mallard Plaza
Travus,Bourthouloume,tbourthouloume61@wiley.com,Male,39 Shopko Terrace
Elvin,Lere,elere62@gravatar.com,Male,33882 Sutteridge Junction
Hamnet,Bulcock,hbulcock63@creativecommons.org,Male,9 Sheridan Avenue
Corbie,Mechem,cmechem64@apple.com,Male,1720 Dayton Terrace
Frederico,Kleinstern,fkleinstern65@yale.edu,Male,65581 Roxbury Center
Delmer,Balharrie,dbalharrie66@wikipedia.org,Male,29 Sundown Lane
Auguste,Praundlin,apraundlin67@statcounter.com,Female,1 Kim Place
Noble,Halls,nhalls68@sina.com.cn,Male,867 Porter Point
Jake,Rushsorth,jrushsorth69@pbs.org,Male,64651 Holy Cross Pass
Pat,Pash,ppash6a@acquirethisname.com,Male,17510 Fulton Plaza
Naomi,Baike,nbaike6b@alibaba.com,Female,5937 Elka Road
Zachery,Fleeming,zfleeming6c@topsy.com,Male,32612 Stephen Way
Olimpia,Slayford,oslayford6d@theguardian.com,Female,4735 Emmet Center
Shurlocke,Hovenden,shovenden6e@bing.com,Male,6400 Fair Oaks Center
Dionisio,Clemits,dclemits6f@smugmug.com,Male,878 Magdeline Avenue
Putnam,Duddell,pduddell6g@cdc.gov,Male,939 Delaware Road
Eddi,Radmore,eradmore6h@vistaprint.com,Female,215 Victoria Alley
Wilek,Georgiades,wgeorgiades6i@narod.ru,Male,6 Del Sol Court
Addia,Golborne,agolborne6j@paypal.com,Female,785 Farwell Road
Merline,Tunniclisse,mtunniclisse6k@nationalgeographic.com,Female,2626 Vera Way
Anastasia,Skinley,askinley6l@dion.ne.jp,Female,9597 Kinsman Center
Charla,Rosencrantz,crosencrantz6m@statcounter.com,Female,62 Roxbury Street
Nichole,Mostyn,nmostyn6n@scientificamerican.com,Male,617 Muir Point
Koenraad,McGrann,kmcgrann6o@mapy.cz,Male,8579 Ridgeway Circle
Lorain,Course,lcourse6p@archive.org,Female,042 Kensington Road
Derick,O'Hickee,dohickee6q@google.com.br,Male,040 Westerfield Place
Jenifer,Kingscote,jkingscote6r@google.com.br,Female,01 Mitchell Hill
Allistir,Creevy,acreevy6s@slashdot.org,Male,2512 Center Crossing
Anthea,Rowler,arowler6t@4shared.com,Female,30099 Park Meadow Court
Dee dee,Danielsen,ddanielsen6u@msu.edu,Female,9084 Center Parkway
Tucky,Bleyman,tbleyman6v@ed.gov,Male,9604 Marcy Plaza
Rossie,Groundwator,rgroundwator6w@google.ca,Male,310 Swallow Alley
Zacharias,Benoix,zbenoix6x@shinystat.com,Male,3405 Cody Parkway
Bartie,Yelyashev,byelyashev6y@oaic.gov.au,Male,48 Ilene Way
Teresita,Stelljes,tstelljes6z@baidu.com,Female,73422 High Crossing Park
Kare,Spellman,kspellman70@noaa.gov,Female,351 Northfield Place
Fiann,Trahair,ftrahair71@imdb.com,Female,0877 Dunning Street
Gaylene,Cupper,gcupper72@elpais.com,Female,95054 Sutteridge Street
Kari,Puddephatt,kpuddephatt73@weather.com,Female,537 Mcguire Junction
Netti,Corragan,ncorragan74@hostgator.com,Female,1 Fairfield Circle
Quinn,Wondraschek,qwondraschek75@tamu.edu,Male,52396 Hallows Park
Hastings,Swaby,hswaby76@home.pl,Male,451 Acker Park
Karie,Braithwait,kbraithwait77@hibu.com,Female,615 Eggendart Plaza
Jessalyn,Kenna,jkenna78@skyrock.com,Female,49 South Parkway
Tasha,Kupke,tkupke79@simplemachines.org,Female,2258 Lotheville Point
Arabele,Peake,apeake7a@amazonaws.com,Female,5 Dexter Trail
Bartolomeo,Yakovitch,byakovitch7b@devhub.com,Male,34 Arapahoe Avenue
Mano,Chaman,mchaman7c@un.org,Male,78 Division Drive
Karlie,McElhinney,kmcelhinney7d@cornell.edu,Female,42 Grayhawk Parkway
Hartley,Brussels,hbrussels7e@studiopress.com,Male,66866 Westridge Junction
Crysta,Jahnig,cjahnig7f@sakura.ne.jp,Female,39820 Jenifer Way
Chuck,Earthfield,cearthfield7g@hibu.com,Male,28 Summer Ridge Center
Abbey,Mattheus,amattheus7h@marketwatch.com,Male,49 Hollow Ridge Alley
Leon,Spellard,lspellard7i@odnoklassniki.ru,Male,21496 Anderson Junction
Dev,Santen,dsanten7j@comcast.net,Male,09163 Becker Hill
Dall,Shadrach,dshadrach7k@apache.org,Male,03272 Moland Avenue
Gale,Haysman,ghaysman7l@posterous.com,Female,7 Macpherson Alley
Moses,Valois,mvalois7m@feedburner.com,Male,8 Katie Junction
Sherlock,Skottle,sskottle7n@smh.com.au,Male,60 Hoard Trail
Loretta,Abramson,labramson7o@google.fr,Female,3 Buena Vista Plaza
Winny,Ugolotti,wugolotti7p@wufoo.com,Male,761 Meadow Vale Hill
Johny,Worsam,jworsam7q@mit.edu,Male,4 Forster Pass
Hugo,O' Donohue,hodonohue7r@theguardian.com,Male,703 Oneill Point
Charles,Jankowski,cjankowski7s@blinklist.com,Male,97312 Merchant Trail
Ernestus,Kenworth,ekenworth7t@virginia.edu,Male,04 Rieder Junction
Efrem,Channer,echanner7u@forbes.com,Male,9 Milwaukee Hill
Collen,Pervew,cpervew7v@xrea.com,Female,193 Starling Terrace
Jamal,Bagehot,jbagehot7w@theglobeandmail.com,Male,74704 Morningstar Trail
Jeth,Kowal,jkowal7x@si.edu,Male,96996 Hallows Alley
Elden,Tack,etack7y@tumblr.com,Male,4 Lien Park
Danice,Mustoe,dmustoe7z@nytimes.com,Female,2231 Leroy Trail
Larina,Frankowski,lfrankowski80@aol.com,Female,0396 Columbus Parkway
Etheline,MacQuaker,emacquaker81@shop-pro.jp,Female,805 Nova Court
Bernard,Perceval,bperceval82@hostgator.com,Male,62 Melvin Terrace
Travus,Boscher,tboscher83@shop-pro.jp,Male,88 Quincy Parkway
Bernice,Knevit,bknevit84@dot.gov,Female,8 Waxwing Way
Neal,Tine,ntine85@independent.co.uk,Male,7 Troy Pass
Hobey,Kraut,hkraut86@wikia.com,Male,4 Brown Avenue
Arin,Bank,abank87@nydailynews.com,Male,56 Bayside Trail
Jobie,Capron,jcapron88@altervista.org,Female,227 Sullivan Road
Brandais,Adney,badney89@taobao.com,Female,94516 Sage Park
Aldric,Labadini,alabadini8a@nyu.edu,Male,2 Barnett Terrace
Willamina,Offill,woffill8b@statcounter.com,Female,17 Spenser Trail
Ogden,Longcaster,olongcaster8c@hc360.com,Male,21052 1st Avenue
Tiffi,Hellsdon,thellsdon8d@photobucket.com,Female,08078 Eastlawn Circle
Tedda,Haseley,thaseley8e@jigsy.com,Female,46730 Pennsylvania Road
Hermann,Oswal,hoswal8f@mysql.com,Male,10 Victoria Park
Griffy,Dake,gdake8g@usda.gov,Male,4 Oxford Crossing
Tuesday,Nichols,tnichols8h@squidoo.com,Female,2 Packers Crossing
Izzy,Geely,igeely8i@nydailynews.com,Male,553 Artisan Point
Gil,Blazey,gblazey8j@nasa.gov,Male,659 Blaine Avenue
Port,Chatburn,pchatburn8k@usatoday.com,Male,46 Vermont Court
Yance,Scholler,yscholler8l@webmd.com,Male,80 Ridgeview Lane
Ainsley,Eliff,aeliff8m@princeton.edu,Female,7528 Warrior Trail
Fernando,Aldcorne,faldcorne8n@tinyurl.com,Male,83 Menomonie Terrace
Abel,Parmer,aparmer8o@cargocollective.com,Male,5 Memorial Circle
Ban,Gilliver,bgilliver8p@lycos.com,Male,4 Doe Crossing Road
Osbourne,Ovill,oovill8q@canalblog.com,Male,5 Glendale Place
Emlynn,Bembrick,ebembrick8r@topsy.com,Female,48195 Butterfield Circle
Austin,Bartczak,abartczak8s@toplist.cz,Female,5709 Stoughton Street
Butch,Ughetti,bughetti8t@jigsy.com,Male,4811 Lunder Lane
Daron,Critch,dcritch8u@wsj.com,Male,59 Nelson Avenue
Jasen,Wilce,jwilce8v@wsj.com,Male,806 Mallard Drive
Marita,Whyke,mwhyke8w@harvard.edu,Female,7544 Riverside Parkway
Tammie,Balle,tballe8x@indiatimes.com,Female,6 Amoth Trail
Gav,Deshon,gdeshon8y@fastcompany.com,Male,65096 Melrose Lane
Pavlov,Duffett,pduffett8z@amazon.co.uk,Male,3 Crescent Oaks Street
Hester,Malamore,hmalamore90@jiathis.com,Female,6 Vidon Alley
Marlow,Glassford,mglassford91@yelp.com,Male,05 Moland Street
Bette,Brine,bbrine92@joomla.org,Female,34 Clemons Drive
Robinson,Milleton,rmilleton93@ameblo.jp,Male,4 Sundown Lane
Josefina,Clohessy,jclohessy94@java.com,Female,25 Thierer Circle
Grove,Gorey,ggorey95@nbcnews.com,Male,485 Westerfield Crossing
Marie-ann,Bumby,mbumby96@miibeian.gov.cn,Female,8819 Little Fleur Pass
Adriena,Hursthouse,ahursthouse97@flickr.com,Female,8079 Almo Crossing
Culley,Whitford,cwhitford98@wikipedia.org,Male,664 Gerald Crossing
Danni,Chasier,dchasier99@themeforest.net,Female,7 Stephen Hill
Conway,Minger,cminger9a@google.cn,Male,67046 Lukken Drive
Mallory,Luscott,mluscott9b@vk.com,Female,6 Lotheville Way
Myrvyn,Brummitt,mbrummitt9c@berkeley.edu,Male,36 Northview Court
Drusie,Quiddinton,dquiddinton9d@abc.net.au,Female,78 Cambridge Road
Vasilis,Kiddy,vkiddy9e@hugedomains.com,Male,045 Knutson Lane
Chariot,Heinzel,cheinzel9f@cyberchimps.com,Male,064 Onsgard Circle
Fredek,Trehearn,ftrehearn9g@ibm.com,Male,05 Sullivan Parkway
Anette,Lingard,alingard9h@unicef.org,Female,7451 Mallory Parkway
Durant,Millin,dmillin9i@time.com,Male,755 Mccormick Place
Idell,Rigglesford,irigglesford9j@ow.ly,Female,27008 Waubesa Court
Dukey,Iozefovich,diozefovich9k@dot.gov,Male,85 Bonner Street
Urban,Letterick,uletterick9l@networksolutions.com,Male,9 Delladonna Terrace
Mervin,Willimont,mwillimont9m@free.fr,Male,98 Starling Place
Clayton,Daviddi,cdaviddi9n@hao123.com,Male,0977 Meadow Vale Drive
Stormi,Pobjoy,spobjoy9o@latimes.com,Female,32943 South Center
Betteanne,Dozdill,bdozdill9p@reverbnation.com,Female,85871 Chinook Court
Sara,Gregson,sgregson9q@umn.edu,Female,019 Hoffman Point
Cathyleen,Kiln,ckiln9r@dedecms.com,Female,8317 Harbort Way
Nichole,Mourbey,nmourbey9s@paypal.com,Female,88344 Main Avenue
Flem,Croshaw,fcroshaw9t@dailymotion.com,Male,6 Buell Drive
Gracia,Semper,gsemper9u@virginia.edu,Female,42 Oxford Hill
Dall,Bolus,dbolus9v@globo.com,Male,4 Utah Crossing
Nobe,Denty,ndenty9w@illinois.edu,Male,0876 Elmside Circle
Sissy,Bagot,sbagot9x@hhs.gov,Female,5521 Briar Crest Junction
Bettine,Cawson,bcawson9y@soundcloud.com,Female,74 Merry Crossing
Sheelah,MacQuarrie,smacquarrie9z@barnesandnoble.com,Female,047 3rd Trail
Baxy,Woolston,bwoolstona0@ehow.com,Male,623 Luster Point
Lorens,McMullen,lmcmullena1@skyrock.com,Male,98625 Lyons Alley
Hobey,Stovine,hstovinea2@wordpress.org,Male,74329 Weeping Birch Junction
Clovis,Gummory,cgummorya3@house.gov,Female,692 Ruskin Lane
Deny,Sealand,dsealanda4@vimeo.com,Female,83 Monterey Court
Pamela,Cockrill,pcockrilla5@google.nl,Female,439 Sutherland Court
Gladys,Krimmer,gkrimmera6@statcounter.com,Female,8062 Saint Paul Point
Lizabeth,Mussared,lmussareda7@marriott.com,Female,21 Reindahl Court
Timmi,Gofforth,tgoffortha8@ted.com,Female,173 Corscot Road
Ashton,Perotti,aperottia9@technorati.com,Male,73076 Saint Paul Park
Cathlene,McCrann,cmccrannaa@blinklist.com,Female,9 Esch Place
Shayna,MacKerley,smackerleyab@alibaba.com,Female,08618 Eggendart Way
Marin,McWilliams,mmcwilliamsac@oaic.gov.au,Female,762 Troy Trail
Coralie,Belverstone,cbelverstonead@reference.com,Female,30 Vidon Junction
Silvano,Reddel,sreddelae@tripod.com,Male,7 Luster Junction
Edita,Honacker,ehonackeraf@github.com,Female,9 Grim Trail
Pauly,Wolpert,pwolpertag@yale.edu,Female,837 Pleasure Pass
Rudolfo,Tocqueville,rtocquevilleah@google.co.jp,Male,45360 Forest Dale Junction
Adriana,Cranmore,acranmoreai@google.it,Female,84430 Summer Ridge Crossing
Beale,Gummery,bgummeryaj@nytimes.com,Male,09725 Gulseth Way
Emmott,Really,ereallyak@shop-pro.jp,Male,2065 Prairie Rose Alley
Patrizio,Magwood,pmagwoodal@behance.net,Male,49151 Garrison Way
Eldin,Baggaley,ebaggaleyam@hubpages.com,Male,7 Northport Center
Lesley,Farnes,lfarnesan@behance.net,Female,5 Evergreen Hill
Queenie,Coom,qcoomao@dmoz.org,Female,5142 Mayfield Street
Margaux,Moreland,mmorelandap@senate.gov,Female,310 Goodland Parkway
Ronnica,Betz,rbetzaq@weebly.com,Female,63 Nobel Avenue
Mira,Keogh,mkeoghar@csmonitor.com,Female,7 Susan Avenue
Marie-jeanne,Clace,mclaceas@huffingtonpost.com,Female,58 Sunbrook Terrace
Monica,Godsell,mgodsellat@state.tx.us,Female,5 Norway Maple Avenue
Vick,Trevance,vtrevanceau@artisteer.com,Male,034 Eliot Park
Melodie,Landells,mlandellsav@ycombinator.com,Female,4 Hanover Parkway
Anni,MacGoun,amacgounaw@illinois.edu,Female,53 Melody Center
Bo,Francais,bfrancaisax@indiatimes.com,Male,82 Towne Point
Britte,McMurrugh,bmcmurrughay@dmoz.org,Female,54 Esch Alley
Maxy,Gluyus,mgluyusaz@opera.com,Male,70 Surrey Road
Garrett,Deware,gdewareb0@rambler.ru,Male,3779 7th Court
Toinette,Adamsen,tadamsenb1@yandex.ru,Female,0 Old Shore Junction
Maddalena,Mountford,mmountfordb2@nytimes.com,Female,6668 Loftsgordon Pass
Larisa,Franz-Schoninger,lfranzschoningerb3@noaa.gov,Female,9 Esch Street
Andras,Strutt,astruttb4@gmpg.org,Male,3 Crest Line Lane
Amanda,Beyne,abeyneb5@alexa.com,Female,870 Maple Lane
Price,Syseland,psyselandb6@youtu.be,Male,39341 Oriole Place
Anjanette,Snowball,asnowballb7@thetimes.co.uk,Female,4 Southridge Place
Corry,Bussey,cbusseyb8@i2i.jp,Female,33043 Sunnyside Drive
Quillan,Troyes,qtroyesb9@topsy.com,Male,8359 Prairie Rose Trail
Georgina,Maffetti,gmaffettiba@cbslocal.com,Female,87 Meadow Valley Pass
Adda,Casham,acashambb@umn.edu,Female,79158 Bluejay Pass
Marquita,Bashford,mbashfordbc@xrea.com,Female,6 Comanche Park
Jaynell,Brimicombe,jbrimicombebd@cisco.com,Female,6 Burning Wood Court
Agretha,Symons,asymonsbe@so-net.ne.jp,Female,399 Declaration Court
Brad,Fieldgate,bfieldgatebf@purevolume.com,Male,954 Nancy Alley
Woodrow,Aronowicz,waronowiczbg@weather.com,Male,29 Hansons Plaza
Javier,Mattingley,jmattingleybh@rakuten.co.jp,Male,15971 Rusk Plaza
Virge,Kubista,vkubistabi@mlb.com,Male,8 Waxwing Drive
Ermina,Newall,enewallbj@cloudflare.com,Female,64 Holy Cross Point
Renard,Colquyte,rcolquytebk@wufoo.com,Male,1 Eastlawn Plaza
Farley,MacIntyre,fmacintyrebl@wikimedia.org,Male,58611 Walton Junction
Martina,Philip,mphilipbm@dailymotion.com,Female,4869 Parkside Court
Lorne,Hrinchishin,lhrinchishinbn@tiny.cc,Female,17 Hauk Trail
Madlen,Colliard,mcolliardbo@blogtalkradio.com,Female,7 Nelson Place
Shina,Fawdery,sfawderybp@drupal.org,Female,63239 Arrowood Road
Bennett,Smallpeace,bsmallpeacebq@hibu.com,Male,4268 Pawling Parkway
Ruth,Udden,ruddenbr@hostgator.com,Female,5527 Delaware Point
Myrna,Menaul,mmenaulbs@spotify.com,Female,107 Swallow Terrace
Bettye,Ghidetti,bghidettibt@apple.com,Female,409 Pearson Court
Ignacio,Edden,ieddenbu@columbia.edu,Male,8102 Melrose Road
Esme,Tolworthie,etolworthiebv@arizona.edu,Female,265 Messerschmidt Drive
Reggie,Pappin,rpappinbw@webs.com,Male,0475 John Wall Street
Robinett,Brouard,rbrouardbx@phoca.cz,Female,200 Dunning Junction
Phyllida,Dinkin,pdinkinby@w3.org,Female,2 Redwing Junction
Adrian,De Simone,adesimonebz@wikia.com,Male,97 Messerschmidt Circle
Cymbre,Seden,csedenc0@senate.gov,Female,1132 Beilfuss Lane
Corney,Prier,cprierc1@ask.com,Male,515 Manley Terrace
Alphonse,Castiello,acastielloc2@storify.com,Male,20500 Meadow Vale Court
Leontyne,Berryann,lberryannc3@hostgator.com,Female,84 Erie Pass
Laurence,Cassell,lcassellc4@alexa.com,Male,79 Cascade Center
Marty,Papierz,mpapierzc5@clickbank.net,Female,9 Lotheville Point
Dixie,Brobak,dbrobakc6@vimeo.com,Female,39 Eastlawn Terrace
Les,Waylett,lwaylettc7@sciencedaily.com,Male,8 Graedel Parkway
Herschel,Burdus,hburdusc8@creativecommons.org,Male,80763 Jackson Street
Esmaria,Wiltshear,ewiltshearc9@macromedia.com,Female,17 Arkansas Hill
Foster,Hargie,fhargieca@kickstarter.com,Male,4149 Roth Trail
Tyrone,Lamplough,tlamploughcb@nationalgeographic.com,Male,2 Upham Pass
Ferdinand,Sneyd,fsneydcc@java.com,Male,7 Bunting Crossing
Sacha,Backshall,sbackshallcd@timesonline.co.uk,Female,9 Elgar Center
Cristiano,Stealy,cstealyce@weibo.com,Male,07300 Tennyson Junction
Dre,Crissil,dcrissilcf@imdb.com,Female,838 Bultman Trail
Steven,Wordesworth,swordesworthcg@t.co,Male,01 Almo Road
Farand,Warcop,fwarcopch@yellowbook.com,Female,34158 Manufacturers Avenue
Marylynne,Geistmann,mgeistmannci@rakuten.co.jp,Female,1896 Weeping Birch Trail
Grenville,Ladbury,gladburycj@jiathis.com,Male,75 Monterey Plaza
Archaimbaud,Lauxmann,alauxmannck@spotify.com,Male,21594 Anniversary Avenue
Dalston,Domengue,ddomenguecl@instagram.com,Male,21 Debs Hill
Jenda,Whittaker,jwhittakercm@com.com,Female,3482 International Plaza
Doreen,Engelbrecht,dengelbrechtcn@so-net.ne.jp,Female,13 Jay Point
Zorina,Davidofski,zdavidofskico@bizjournals.com,Female,182 Dapin Plaza
Matilda,Pote,mpotecp@jiathis.com,Female,24321 Evergreen Crossing
Garik,Pettipher,gpettiphercq@bandcamp.com,Male,4901 Pankratz Pass
Kirbee,Redwing,kredwingcr@paginegialle.it,Female,7 Algoma Point
Eulalie,Franzotto,efranzottocs@mashable.com,Female,62165 Scofield Junction
Kincaid,Planke,kplankect@networksolutions.com,Male,80 Browning Pass
Thalia,Lidgate,tlidgatecu@oakley.com,Female,0048 Starling Alley
Rutledge,Wrench,rwrenchcv@bluehost.com,Male,8655 Rigney Court
Ethelin,Boule,eboulecw@list-manage.com,Female,793 Texas Place
Alica,Downe,adownecx@usa.gov,Female,95 Superior Plaza
Tedie,Breffit,tbreffitcy@sogou.com,Male,1 Rowland Way
Jacqui,Wickrath,jwickrathcz@wordpress.org,Female,866 Derek Way
Arlyne,Everingham,aeveringhamd0@networkadvertising.org,Female,40819 Huxley Crossing
Aluin,Locock,alocockd1@thetimes.co.uk,Male,019 Summit Drive
Sharai,Steffans,ssteffansd2@ezinearticles.com,Female,2515 Golden Leaf Street
Anna-diana,Featherbie,afeatherbied3@arizona.edu,Female,6 Valley Edge Center
Nilson,Pandya,npandyad4@noaa.gov,Male,76782 Mesta Lane
Yulma,Hellin,yhellind5@umn.edu,Male,2991 Victoria Way
Gilemette,Soff,gsoffd6@webmd.com,Female,499 Declaration Point
Alphonso,Sloy,asloyd7@plala.or.jp,Male,261 Knutson Avenue
Antoinette,Haydon,ahaydond8@webmd.com,Female,50 Swallow Center
Jim,Hebblewhite,jhebblewhited9@nbcnews.com,Male,53807 West Drive
Georas,Asche,gascheda@nydailynews.com,Male,6274 Toban Hill
Peri,Briggdale,pbriggdaledb@deliciousdays.com,Female,6 Gateway Lane
Rawley,De la Yglesias,rdelayglesiasdc@netscape.com,Male,33758 Prairieview Center
Nickola,Swinbourne,nswinbournedd@merriam-webster.com,Male,60956 Schmedeman Road
Felicle,Perett,fperettde@unesco.org,Female,4748 Browning Plaza
Carmon,Parchment,cparchmentdf@rediff.com,Female,99666 Sommers Court
Clareta,Biddy,cbiddydg@nyu.edu,Female,9480 Sommers Street
Natala,Vallentin,nvallentindh@drupal.org,Female,32 Morning Center
Joanne,Quantrell,jquantrelldi@behance.net,Female,2 Arrowood Lane
Julian,Stroban,jstrobandj@cafepress.com,Male,187 Golf Point
Hedvige,Crossley,hcrossleydk@edublogs.org,Female,24 Iowa Circle
Rancell,Lakenden,rlakendendl@pbs.org,Male,009 Scoville Trail
Yelena,Merrill,ymerrilldm@hc360.com,Female,5617 Hoard Trail
Charissa,Huckell,chuckelldn@vinaora.com,Female,03 Logan Road
Erik,Ilewicz,eilewiczdo@ow.ly,Male,18 Dahle Terrace
Baillie,Gawith,bgawithdp@networkadvertising.org,Male,3646 Springview Hill
Patty,Sapwell,psapwelldq@rediff.com,Male,8981 Sloan Terrace
Gardie,Videan,gvideandr@pcworld.com,Male,95686 2nd Pass
Eddie,Dallimare,edallimareds@illinois.edu,Female,6785 Rockefeller Hill
Easter,Sunner,esunnerdt@ebay.co.uk,Female,80642 Cambridge Way
Mathias,Betteson,mbettesondu@msu.edu,Male,429 Fairview Road
Wald,Prevost,wprevostdv@cam.ac.uk,Male,41644 Longview Lane
Lonnard,Bente,lbentedw@bandcamp.com,Male,00180 Golf View Plaza
Del,Rentz,drentzdx@webeden.co.uk,Male,27 Gateway Park
Merilee,Dendon,mdendondy@army.mil,Female,1 Elka Point
Nevil,Lamputt,nlamputtdz@edublogs.org,Male,95162 Del Sol Plaza
Sidnee,Spinetti,sspinettie0@lycos.com,Male,9112 Westend Court
Devon,Peartree,dpeartreee1@sbwire.com,Female,0532 Oak Plaza
Maynord,Moehler,mmoehlere2@zdnet.com,Male,360 Helena Alley
Denis,Searston,dsearstone3@chicagotribune.com,Male,36 Saint Paul Parkway
Odie,Allmann,oallmanne4@gizmodo.com,Male,50 Sunnyside Park
Simmonds,Lafoy,slafoye5@list-manage.com,Male,01 Derek Drive
Daile,Gantz,dgantze6@domainmarket.com,Female,1465 Ilene Avenue
Lexine,Coomber,lcoombere7@edublogs.org,Female,0 Sherman Place
Donaugh,Esslement,desslemente8@nytimes.com,Male,83982 Pawling Point
Seward,Kilbane,skilbanee9@hhs.gov,Male,85 7th Circle
Pete,Nanninini,pnannininiea@tumblr.com,Male,8707 Shopko Crossing
Melony,Stigers,mstigerseb@wikispaces.com,Female,6 Talisman Drive
Roger,Goforth,rgoforthec@pagesperso-orange.fr,Male,44 Butterfield Junction
Chrysa,Jozwik,cjozwiked@tamu.edu,Female,9 Gale Place
Coriss,Guage,cguageee@slate.com,Female,37983 Dapin Street
Ogdan,MacKaig,omackaigef@posterous.com,Male,12541 Springview Crossing
Moyna,Theunissen,mtheunisseneg@lycos.com,Female,78 Maple Crossing
Jackquelin,Everton,jevertoneh@aol.com,Female,9140 Oak Hill
Cacilie,Bruffell,cbruffellei@bing.com,Female,7 Coolidge Way
Amery,McCaskill,amccaskillej@ft.com,Male,408 Blaine Street
Mahala,Matic,mmaticek@issuu.com,Female,4250 Kim Lane
Ethelbert,Gronaver,egronaverel@exblog.jp,Male,3667 Lunder Lane
Juana,Lomasna,jlomasnaem@redcross.org,Female,14 Goodland Road
Natka,Phinn,nphinnen@mozilla.com,Female,09 Paget Crossing
Arlee,Pitkeathly,apitkeathlyeo@globo.com,Female,13 Dexter Trail
Pincas,Beldham,pbeldhamep@google.fr,Male,1 Knutson Way
Thibaud,Brimner,tbrimnereq@amazon.com,Male,3 Swallow Trail
Aldis,Matuskiewicz,amatuskiewiczer@drupal.org,Male,146 Blackbird Place
Donella,Reggler,dreggleres@businessweek.com,Female,968 Columbus Circle
Stacie,Forbear,sforbearet@reverbnation.com,Female,95820 Northport Place
Catriona,South,csoutheu@printfriendly.com,Female,810 Bobwhite Circle
Chuck,Arrowsmith,carrowsmithev@narod.ru,Male,78089 Dorton Road
Fawn,Daysh,fdayshew@vk.com,Female,56077 Northport Alley
Craig,Lauthian,clauthianex@google.co.uk,Male,86 Roxbury Way
Shina,Angric,sangricey@e-recht24.de,Female,6674 Eastwood Plaza
Say,Urridge,surridgeez@va.gov,Male,1975 Shopko Junction
Genia,Pengilley,gpengilleyf0@whitehouse.gov,Female,80 Doe Crossing Avenue
Cleopatra,McKnish,cmcknishf1@blogspot.com,Female,81 Waywood Way
Douglas,Brixham,dbrixhamf2@foxnews.com,Male,58607 Mcbride Circle
Carmela,Bazylets,cbazyletsf3@multiply.com,Female,2 Ronald Regan Hill
Arte,Collihole,acolliholef4@java.com,Male,2 Service Point
Dione,Ozelton,dozeltonf5@businessinsider.com,Female,295 Bashford Parkway
Mel,Kaley,mkaleyf6@wp.com,Female,547 Delladonna Drive
Bourke,Parsand,bparsandf7@narod.ru,Male,39 Badeau Hill
Karl,Grzegorecki,kgrzegoreckif8@hc360.com,Male,28405 Lillian Hill
Jedidiah,McClenaghan,jmcclenaghanf9@ibm.com,Male,18 East Park
Marna,Layfield,mlayfieldfa@de.vu,Female,221 School Circle
Beverlee,Colcomb,bcolcombfb@drupal.org,Female,97 Shelley Plaza
Hamlin,Klus,hklusfc@bloglines.com,Male,010 Wayridge Hill
Karlyn,Cathenod,kcathenodfd@163.com,Female,5 Barnett Park
Virgie,Botten,vbottenfe@businessweek.com,Male,9 Vernon Plaza
Moses,Southouse,msouthouseff@xing.com,Male,11 Eliot Point
Garvin,Renshall,grenshallfg@github.io,Male,31 International Center
Iago,McNirlan,imcnirlanfh@macromedia.com,Male,3018 Beilfuss Plaza
Mira,Cowling,mcowlingfi@nba.com,Female,2911 Claremont Road
Garvey,Townsend,gtownsendfj@intel.com,Male,85 Anthes Junction
Rafferty,Trinbey,rtrinbeyfk@nature.com,Male,3655 Lake View Point
Fenelia,Benjafield,fbenjafieldfl@smugmug.com,Female,52884 Dennis Plaza
Meier,Folley,mfolleyfm@umich.edu,Male,20 Meadow Ridge Trail
Ashly,Ludlam,aludlamfn@meetup.com,Female,39 Jana Junction
Peter,Bacher,pbacherfo@ox.ac.uk,Male,33368 Maywood Junction
Keriann,Guitt,kguittfp@reverbnation.com,Female,7 Spaight Avenue
Nicolai,Humblestone,nhumblestonefq@facebook.com,Male,48 Jay Road
Asa,Turneaux,aturneauxfr@eventbrite.com,Male,659 Kim Pass
Kerr,Lissaman,klissamanfs@addthis.com,Male,2552 Blaine Drive
Jacinthe,Handscomb,jhandscombft@vistaprint.com,Female,595 Dixon Pass
Jethro,Houldcroft,jhouldcroftfu@woothemes.com,Male,9 Buena Vista Trail
Arch,Orrin,aorrinfv@flavors.me,Male,76815 Oxford Crossing
Rodie,Tirrey,rtirreyfw@ow.ly,Female,7143 North Parkway
Garrard,Pancoast,gpancoastfx@bizjournals.com,Male,52605 Pond Park
Guglielmo,Hane,ghanefy@wisc.edu,Male,37454 Declaration Avenue
Andrei,Wallentin,awallentinfz@skype.com,Female,665 Southridge Junction
Maris,Jirka,mjirkag0@va.gov,Female,7 Transport Trail
Chen,Aspin,casping1@zdnet.com,Male,68 Buell Plaza
Murray,Whitton,mwhittong2@bloglines.com,Male,475 Mifflin Trail
Heinrik,Maxstead,hmaxsteadg3@yahoo.com,Male,89893 Vahlen Way
Ronald,Syer,rsyerg4@t.co,Male,631 Hansons Plaza
Fanechka,MacCauley,fmaccauleyg5@arstechnica.com,Female,3184 Sutteridge Crossing
Waiter,Eversley,weversleyg6@businesswire.com,Male,5 Schiller Point
Carly,Lindstrom,clindstromg7@uol.com.br,Female,0263 Lerdahl Lane
Innis,Binnall,ibinnallg8@diigo.com,Male,3 Gateway Alley
Marchelle,Simpkin,msimpking9@rediff.com,Female,08177 Eastwood Hill
Sheelagh,Grimwade,sgrimwadega@diigo.com,Female,130 Park Meadow Court
Valery,Maymand,vmaymandgb@mlb.com,Female,30321 Glacier Hill Pass
Zolly,Maddison,zmaddisongc@odnoklassniki.ru,Male,930 Badeau Plaza
Domenic,Durram,ddurramgd@issuu.com,Male,4263 Huxley Alley
Winnah,Macellar,wmacellarge@wikimedia.org,Female,218 Sundown Terrace
Hashim,Drust,hdrustgf@state.gov,Male,21 Ruskin Park
Martina,Bangley,mbangleygg@yelp.com,Female,75 Express Alley
Malynda,MacVean,mmacveangh@digg.com,Female,8 Jenna Hill
Amalie,Dows,adowsgi@arstechnica.com,Female,86 Shasta Alley
Darrell,Willgrass,dwillgrassgj@tripadvisor.com,Male,286 Meadow Valley Point
Pamella,Beddie,pbeddiegk@cdc.gov,Female,2528 Blackbird Crossing
Bond,Kless,bklessgl@printfriendly.com,Male,3578 Walton Street
Ethelda,Catchpole,ecatchpolegm@ihg.com,Female,827 Sheridan Pass
Marybelle,Bessett,mbessettgn@theglobeandmail.com,Female,905 Burning Wood Lane
Kermy,Gabey,kgabeygo@abc.net.au,Male,969 Moland Park
Eldon,Degli Antoni,edegliantonigp@forbes.com,Male,4104 Granby Way
Eadmund,Duncklee,edunckleegq@fc2.com,Male,035 Main Street
Elmer,Baitman,ebaitmangr@blogtalkradio.com,Male,62 Ohio Way
Rodolfo,Kildea,rkildeags@reference.com,Male,510 2nd Hill
Nyssa,Dillicate,ndillicategt@npr.org,Female,43 Hanson Place
Webb,Charville,wcharvillegu@nyu.edu,Male,883 Stephen Way
Janeta,McMurrugh,jmcmurrughgv@icio.us,Female,2243 South Terrace
Wenda,Prester,wprestergw@ovh.net,Female,02 Acker Drive
Cos,Mattingley,cmattingleygx@umn.edu,Male,20542 Huxley Center
Doti,Poundesford,dpoundesfordgy@wikimedia.org,Female,79 Merrick Junction
Ellsworth,Vasilchikov,evasilchikovgz@dedecms.com,Male,1 Farmco Center
Selena,Pethick,spethickh0@mysql.com,Female,177 Warrior Pass
Grady,Georgins,ggeorginsh1@weibo.com,Male,998 Badeau Street
Sollie,Penny,spennyh2@uiuc.edu,Male,77946 Rieder Place
Querida,McGuckin,qmcguckinh3@wikimedia.org,Female,9839 Raven Point
Yasmin,Kmiec,ykmiech4@blinklist.com,Female,6 Raven Way
Didi,Halmkin,dhalmkinh5@mayoclinic.com,Female,71 Center Road
Beau,Sonner,bsonnerh6@netlog.com,Male,0131 Barnett Park
Dov,Simmen,dsimmenh7@buzzfeed.com,Male,4926 Iowa Court
Silvana,Hengoed,shengoedh8@wiley.com,Female,5148 Lotheville Pass
Juliane,Saltsberg,jsaltsbergh9@ocn.ne.jp,Female,8 Warner Place
Ruby,Hainge,rhaingeha@hc360.com,Male,18438 Moose Terrace
Jacinthe,Lunney,jlunneyhb@pen.io,Female,68 Melody Alley
Margi,Lightning,mlightninghc@google.pl,Female,9705 5th Terrace
Yolanthe,Bourgour,ybourgourhd@delicious.com,Female,53 Prentice Avenue
Waiter,Tawton,wtawtonhe@rediff.com,Male,46 Valley Edge Trail
Simona,Praundlin,spraundlinhf@sbwire.com,Female,8 Susan Road
Valerie,Morling,vmorlinghg@alibaba.com,Female,35239 Hermina Plaza
Arden,Coucha,acouchahh@harvard.edu,Female,5334 Nevada Trail
Emmett,Blooman,ebloomanhi@miibeian.gov.cn,Male,1297 Shopko Court
Wyatt,Edkins,wedkinshj@addtoany.com,Male,3484 Norway Maple Junction
Beryle,Lashford,blashfordhk@flavors.me,Female,0261 Upham Road
Babara,Sprankling,bspranklinghl@blinklist.com,Female,103 Pond Lane
Dar,Hassen,dhassenhm@microsoft.com,Male,326 Lindbergh Drive
Shanon,Pikesley,spikesleyhn@freewebs.com,Female,60877 Hanson Pass
Duffie,Bignell,dbignellho@quantcast.com,Male,8378 Sheridan Park
Carmina,Petrashkov,cpetrashkovhp@nymag.com,Female,61 Summer Ridge Plaza
Astrid,Osboldstone,aosboldstonehq@msu.edu,Female,862 Acker Center
Concettina,Vandenhoff,cvandenhoffhr@ft.com,Female,87 Hooker Road
Alleyn,Gillett,agilletths@goo.gl,Male,4 Dennis Point
Jodie,Smalman,jsmalmanht@statcounter.com,Female,5217 Norway Maple Crossing
Mordecai,Maton,mmatonhu@usa.gov,Male,300 8th Drive
Jonathan,Aloshikin,jaloshikinhv@ucoz.com,Male,97567 Tennyson Lane
Mylo,Litherland,mlitherlandhw@springer.com,Male,5433 Grover Hill
Theobald,Hirsch,thirschhx@home.pl,Male,4 Hallows Point
Kaila,Gaytor,kgaytorhy@icio.us,Female,850 Weeping Birch Terrace
Diena,Gant,dganthz@senate.gov,Female,4 Shelley Lane
Eli,Fullicks,efullicksi0@bloomberg.com,Male,488 Goodland Court
Candice,Battista,cbattistai1@jigsy.com,Female,341 Meadow Ridge Lane
Ibby,Duplan,iduplani2@edublogs.org,Female,7 Daystar Pass
Francklin,Harlett,fharletti3@csmonitor.com,Male,4840 Lakewood Gardens Trail
Waylon,McGibbon,wmcgibboni4@loc.gov,Male,6 Summer Ridge Hill
Adora,Annand,aannandi5@go.com,Female,3 Cambridge Plaza
Lorettalorna,Montez,lmontezi6@about.com,Female,64 Cardinal Pass
Justus,Maddicks,jmaddicksi7@goo.gl,Male,62825 Colorado Parkway
Lucio,Lehon,llehoni8@seattletimes.com,Male,07 Laurel Hill
Shell,Menauteau,smenauteaui9@elpais.com,Female,0 Elgar Street
Emery,Shinn,eshinnia@alexa.com,Male,3724 Glendale Terrace
Cahra,Dunmore,cdunmoreib@psu.edu,Female,6503 Arrowood Alley
Aristotle,Tansey,atanseyic@yandex.ru,Male,55 Autumn Leaf Junction
Cris,Galletley,cgalletleyid@apple.com,Female,2884 Kingsford Junction
Karoline,Janatka,kjanatkaie@npr.org,Female,46699 Monica Place
Aurel,Chretien,achretienif@timesonline.co.uk,Female,00296 Dottie Alley
Paula,Cordes,pcordesig@slashdot.org,Female,2 Forest Run Crossing
Corrine,Bridgland,cbridglandih@usa.gov,Female,895 Eagle Crest Street
Bron,Buske,bbuskeii@cornell.edu,Male,24261 Dakota Drive
Jaime,Swainger,jswaingerij@1688.com,Female,59 Ridgeway Hill
Catlin,Dixcee,cdixceeik@sfgate.com,Female,344 Elgar Alley
Jarret,Rodolfi,jrodolfiil@sohu.com,Male,339 Welch Pass
Abner,Ghest,aghestim@salon.com,Male,20416 Leroy Park
Curt,Brickell,cbrickellin@amazon.co.uk,Male,85974 Butterfield Park
Dianemarie,Pinkerton,dpinkertonio@google.fr,Female,2892 Fieldstone Pass
Maryjo,Haensel,mhaenselip@nps.gov,Female,273 Jenifer Drive
Bel,Moakson,bmoaksoniq@prweb.com,Female,91 Roxbury Terrace
Hayden,Tamburo,htamburoir@myspace.com,Male,685 Logan Parkway
Julie,Kairns,jkairnsis@va.gov,Female,6971 Lindbergh Plaza
Pattie,McCaskell,pmccaskellit@canalblog.com,Female,30 Declaration Point
Irv,Mobley,imobleyiu@hp.com,Male,47 American Place
Jaquith,Mohamed,jmohamediv@guardian.co.uk,Female,47225 Kings Lane
Basilio,Ommanney,bommanneyiw@storify.com,Male,3 Kropf Junction
Christie,Sinfield,csinfieldix@twitter.com,Female,53 Marquette Plaza
Matelda,Izaks,mizaksiy@wix.com,Female,1 Evergreen Crossing
Frazier,Keson,fkesoniz@sakura.ne.jp,Male,173 Katie Avenue
Wadsworth,Hurren,whurrenj0@redcross.org,Male,44928 8th Avenue
Brandy,Flory,bfloryj1@fema.gov,Male,73947 Meadow Ridge Lane
Domini,Dayly,ddaylyj2@mozilla.org,Female,63886 Melrose Way
Lela,Lightewood,llightewoodj3@webmd.com,Female,2280 Steensland Trail
Ebony,Tawse,etawsej4@house.gov,Female,33883 Weeping Birch Court
Helenka,Grishunin,hgrishuninj5@squidoo.com,Female,55866 Vernon Circle
Crysta,Chantree,cchantreej6@topsy.com,Female,05913 Ilene Place
Lamont,Gurnee,lgurneej7@npr.org,Male,6822 Grover Lane
Norri,Rhoades,nrhoadesj8@youtu.be,Female,32692 Briar Crest Junction
Lawrence,Scranny,lscrannyj9@soundcloud.com,Male,822 Sugar Center
Rooney,Karpenya,rkarpenyaja@slideshare.net,Male,234 Holy Cross Crossing
Brice,Cunney,bcunneyjb@goo.gl,Male,7097 Walton Drive
Mathias,Ashforth,mashforthjc@china.com.cn,Male,59 Stuart Junction
Thorin,Frisel,tfriseljd@gizmodo.com,Male,378 1st Crossing
Gal,Cornhill,gcornhillje@tuttocitta.it,Male,3916 Union Parkway
Matthew,Doohan,mdoohanjf@java.com,Male,42590 Cardinal Terrace
Kristal,Chicken,kchickenjg@ibm.com,Female,532 Kropf Pass
Vivianna,Hurry,vhurryjh@squarespace.com,Female,965 Golden Leaf Trail
Urbain,MacCorley,umaccorleyji@virginia.edu,Male,94 Oakridge Terrace
Fabian,Heber,fheberjj@symantec.com,Male,80 Pearson Pass
Dudley,Capineer,dcapineerjk@flavors.me,Male,847 Main Point
Wayland,Westphal,wwestphaljl@cnbc.com,Male,82386 Nova Circle
Esta,O'Hogertie,eohogertiejm@salon.com,Female,933 Summit Road
Collen,Djakovic,cdjakovicjn@mysql.com,Female,74189 Londonderry Circle
Janaye,Redhead,jredheadjo@networkadvertising.org,Female,1 Sunbrook Plaza
Donna,Yeskin,dyeskinjp@biblegateway.com,Female,14156 Banding Center
Mariejeanne,Everist,meveristjq@timesonline.co.uk,Female,110 Hudson Terrace
Dusty,Browett,dbrowettjr@xrea.com,Female,5 Bobwhite Park
Christel,Oliphant,coliphantjs@phpbb.com,Female,7437 Melvin Pass
Vinnie,Cheales,vchealesjt@yellowbook.com,Male,90109 Thompson Road
Jaine,Ugolini,jugoliniju@uol.com.br,Female,95415 Talisman Street
Maryann,Illiston,millistonjv@booking.com,Female,90 Shelley Street
Jud,Bushnell,jbushnelljw@usatoday.com,Male,961 Cottonwood Avenue
Mireille,Oldland,moldlandjx@netlog.com,Female,6 Mandrake Parkway
Clemens,Cuddehay,ccuddehayjy@360.cn,Male,072 Dawn Alley
Lezley,Southerns,lsouthernsjz@google.com.hk,Male,16535 Oxford Junction
Revkah,Farndon,rfarndonk0@twitter.com,Female,0739 Luster Circle
Torrin,Simak,tsimakk1@oakley.com,Male,60411 Kropf Circle
Jonathan,Pauletto,jpaulettok2@trellian.com,Male,69 Esch Hill
Terrel,Knolles-Green,tknollesgreenk3@wikia.com,Male,42599 Continental Lane
Augy,Kenwin,akenwink4@cbsnews.com,Male,1513 Mendota Parkway
Murdock,Skellington,mskellingtonk5@usgs.gov,Male,1 Sycamore Junction
Coretta,Heggman,cheggmank6@admin.ch,Female,4 Veith Street
Natty,Spiaggia,nspiaggiak7@moonfruit.com,Female,09 Steensland Terrace
Clint,Mellor,cmellork8@blogtalkradio.com,Male,828 Dryden Hill
Jacob,Francom,jfrancomk9@soundcloud.com,Male,19 Division Point
Con,Judron,cjudronka@paypal.com,Male,9 Farmco Parkway
Walton,Mersey,wmerseykb@stumbleupon.com,Male,5 Onsgard Plaza
Jaquith,MacDonnell,jmacdonnellkc@moonfruit.com,Female,524 Lakewood Parkway
Chilton,Ivanonko,civanonkokd@forbes.com,Male,7 Corry Hill
Rurik,Cruxton,rcruxtonke@blogtalkradio.com,Male,60 Wayridge Trail
Vanda,Routham,vrouthamkf@independent.co.uk,Female,25464 Heath Park
Hank,Salisbury,hsalisburykg@gnu.org,Male,91 Hintze Parkway
Arlan,Husselbee,ahusselbeekh@msn.com,Male,00412 Clemons Trail
Harley,Ponder,hponderki@npr.org,Female,30737 Washington Alley
Heinrik,McCay,hmccaykj@wired.com,Male,991 Hoffman Junction
Tucky,Luto,tlutokk@shinystat.com,Male,699 Laurel Parkway
Vaughn,Martinie,vmartiniekl@yahoo.co.jp,Male,627 Summer Ridge Way
Tadeo,O'Lahy,tolahykm@friendfeed.com,Male,457 Miller Drive
Chantalle,Wain,cwainkn@arstechnica.com,Female,50 Kim Lane
Bernie,Brezlaw,bbrezlawko@linkedin.com,Female,20648 Grim Parkway
Bucky,Klulisek,bklulisekkp@nytimes.com,Male,76810 Ohio Plaza
Waneta,Gippes,wgippeskq@marriott.com,Female,9 Raven Lane
Benito,Thorrold,bthorroldkr@people.com.cn,Male,4974 Bashford Park
Hasty,Kemmer,hkemmerks@i2i.jp,Male,511 Tony Hill
Helena,Reinmar,hreinmarkt@yelp.com,Female,243 Gateway Park
Anette,Copes,acopesku@theglobeandmail.com,Female,55944 Veith Crossing
Michael,Gunney,mgunneykv@multiply.com,Male,5 Harbort Lane
Georg,Hulme,ghulmekw@cloudflare.com,Male,73 Sutherland Park
Sol,Torns,stornskx@bizjournals.com,Male,5915 Saint Paul Trail
Sergeant,Gilham,sgilhamky@vkontakte.ru,Male,3 Crownhardt Avenue
Simone,Killelay,skillelaykz@economist.com,Female,059 Forest Run Hill
Osbourne,Yerrall,oyerralll0@prlog.org,Male,255 Bonner Road
Ewell,Allin,eallinl1@homestead.com,Male,95 Spaight Lane
Theodore,Banaszewski,tbanaszewskil2@privacy.gov.au,Male,9 Darwin Park
My,Obell,mobelll3@hubpages.com,Male,96 Village Place
Brandais,Avieson,baviesonl4@gov.uk,Female,77 Tomscot Lane
Gerri,Nicholson,gnicholsonl5@upenn.edu,Female,973 Sherman Junction
Towney,Champley,tchampleyl6@wsj.com,Male,2330 6th Center
Kenneth,Redshaw,kredshawl7@usgs.gov,Male,87 Forest Lane
Broderick,Aspell,baspelll8@histats.com,Male,11632 Almo Drive
Oswald,Edwinson,oedwinsonl9@macromedia.com,Male,10 Saint Paul Point
Amalie,Ginn,aginnla@studiopress.com,Female,2 Hauk Junction
Ivar,Goadbie,igoadbielb@psu.edu,Male,9 Derek Parkway
Lidia,Pridgeon,lpridgeonlc@xrea.com,Female,6 Nova Parkway
Fredrika,Frears,ffrearsld@slideshare.net,Female,31 Mayer Alley
Ceciley,Yoxall,cyoxallle@privacy.gov.au,Female,0 Aberg Pass
Aretha,Davenall,adavenalllf@soundcloud.com,Female,422 Debs Park
Silvie,Busfield,sbusfieldlg@t-online.de,Female,786 Rusk Terrace
Ulrich,McTerry,umcterrylh@chron.com,Male,9 Fulton Pass
Jamil,Saffrin,jsaffrinli@youtube.com,Male,8887 Lukken Park
Launce,Melwall,lmelwalllj@telegraph.co.uk,Male,55 Fulton Trail
Gibb,Matthews,gmatthewslk@seattletimes.com,Male,06 Iowa Plaza
Letizia,Bathoe,lbathoell@4shared.com,Female,061 Sunbrook Place
Fanya,Savory,fsavorylm@chronoengine.com,Female,98492 Green Street
Eleanora,Mougel,emougelln@yahoo.co.jp,Female,33 Annamark Park
Lavinia,Shivell,lshivelllo@themeforest.net,Female,6 Mendota Drive
Andie,Barnardo,abarnardolp@devhub.com,Male,683 Grover Alley
Ebeneser,Lefwich,elefwichlq@exblog.jp,Male,0830 Montana Crossing
Deonne,Aldren,daldrenlr@goo.ne.jp,Female,825 Moulton Terrace
Hallsy,Newlands,hnewlandsls@harvard.edu,Male,61 Del Sol Trail
Tulley,Standish-Brooks,tstandishbrookslt@prweb.com,Male,0336 Eastwood Center
Sophia,Bennington,sbenningtonlu@yandex.ru,Female,6055 Green Plaza
Milka,Purrier,mpurrierlv@nhs.uk,Female,98114 Alpine Hill
Anny,Hoppner,ahoppnerlw@kickstarter.com,Female,02 Oriole Plaza
Xylia,Letch,xletchlx@ifeng.com,Female,4 Hoffman Road
Torrie,Shevill,tshevillly@webnode.com,Female,88248 Ramsey Terrace
Shem,Crole,scrolelz@1688.com,Male,85115 Elgar Pass
Che,Basile,cbasilem0@arizona.edu,Male,3 Atwood Pass
Findlay,Fulleylove,ffulleylovem1@cisco.com,Male,4 Manitowish Center
Bendicty,Scyner,bscynerm2@symantec.com,Male,2023 Graceland Place
Tim,Michell,tmichellm3@youku.com,Female,58 Montana Street
Kristin,Secretan,ksecretanm4@patch.com,Female,8667 Tennyson Way
Darcey,Bennion,dbennionm5@economist.com,Female,98459 Chinook Parkway
Tulley,Petrushkevich,tpetrushkevichm6@t.co,Male,32 Walton Pass
Cyrill,Weekley,cweekleym7@acquirethisname.com,Male,713 Corry Place
Rolf,Machans,rmachansm8@princeton.edu,Male,316 Hermina Hill
Asia,Galtone,agaltonem9@github.io,Female,74221 Towne Junction
Chelsae,Jenne,cjennema@ucoz.com,Female,3917 Nelson Park
Dael,Piff,dpiffmb@rambler.ru,Female,71457 Sunbrook Alley
Bailey,Vergo,bvergomc@networksolutions.com,Male,393 Clyde Gallagher Alley
Issi,Pizer,ipizermd@joomla.org,Female,533 Melody Alley
Brinn,Kohnemann,bkohnemannme@telegraph.co.uk,Female,31 Rockefeller Avenue
Jodee,Kingsland,jkingslandmf@phoca.cz,Female,414 Roth Pass
Aurelia,Allen,aallenmg@canalblog.com,Female,18070 Melby Junction
Jackqueline,Rysom,jrysommh@g.co,Female,40 Westridge Court
Francyne,Ormistone,formistonemi@over-blog.com,Female,975 Sage Pass
Virginia,Dittson,vdittsonmj@arstechnica.com,Female,0 Mosinee Parkway
Perice,Trenouth,ptrenouthmk@nytimes.com,Male,90 Armistice Trail
Marge,Stading,mstadingml@exblog.jp,Female,54567 Dahle Alley
Tadeo,Mattock,tmattockmm@360.cn,Male,54164 Mayfield Plaza
Alayne,Markova,amarkovamn@imdb.com,Female,4335 Maywood Trail
Darrick,Twelftree,dtwelftreemo@woothemes.com,Male,2 Meadow Valley Point
Milton,Eckhard,meckhardmp@instagram.com,Male,1048 Straubel Drive
Lanny,Kempe,lkempemq@goodreads.com,Female,1039 Anniversary Junction
Piggy,Rough,proughmr@pcworld.com,Male,3329 Di Loreto Way
Valentine,Eagle,veaglems@w3.org,Male,5037 Banding Terrace
Finlay,Millery,fmillerymt@google.cn,Male,3 Utah Road
Giovanna,Phillot,gphillotmu@meetup.com,Female,401 Novick Junction
Aarika,Willmer,awillmermv@desdev.cn,Female,8 Valley Edge Trail
Alf,Gronous,agronousmw@gmpg.org,Male,817 Amoth Avenue
Samuele,Hollow,shollowmx@dmoz.org,Male,5752 Onsgard Parkway
Elston,Luddy,eluddymy@omniture.com,Male,4 South Street
Gaspard,Penrith,gpenrithmz@tinypic.com,Male,81 Burning Wood Crossing
Ellynn,Dubery,eduberyn0@ifeng.com,Female,0 Riverside Hill
Abra,Farrin,afarrinn1@netlog.com,Female,71332 Sommers Parkway
Justus,Osgar,josgarn2@princeton.edu,Male,35 Marquette Park
Oates,Petris,opetrisn3@meetup.com,Male,3600 Carpenter Pass
Cherilynn,Mathewes,cmathewesn4@stanford.edu,Female,5 Dapin Parkway
Hatti,Peres,hperesn5@themeforest.net,Female,1356 Arapahoe Pass
Horst,Habbal,hhabbaln6@mapquest.com,Male,244 Garrison Pass
Frasier,Le Frank,flefrankn7@sun.com,Male,6 Bunting Park
Nara,Rickersey,nrickerseyn8@yellowpages.com,Female,05 Morningstar Court
Maryl,Ivashchenko,mivashchenkon9@oracle.com,Female,029 Goodland Trail
Staci,Hollerin,shollerinna@simplemachines.org,Female,24395 Tennessee Point
Malia,Ciccottio,mciccottionb@g.co,Female,7337 Oneill Trail
Roxanna,Naptine,rnaptinenc@baidu.com,Female,857 Riverside Road
Clemmy,Grabiec,cgrabiecnd@elegantthemes.com,Female,6439 Vahlen Drive
Royall,Ducker,rduckerne@princeton.edu,Male,09611 Buell Lane
Aileen,Polet,apoletnf@over-blog.com,Female,45734 Troy Junction
Regina,Road,rroadng@wikia.com,Female,44240 Division Drive
Imojean,Todhunter,itodhunternh@va.gov,Female,9 Old Shore Way
Lise,Gumly,lgumlyni@cam.ac.uk,Female,28 Becker Terrace
Anjela,Loadman,aloadmannj@networkadvertising.org,Female,40090 Northport Crossing
Marrissa,Summerrell,msummerrellnk@cloudflare.com,Female,19 Onsgard Way
Brynne,Bartoszek,bbartoszeknl@zdnet.com,Female,20 Hollow Ridge Circle
Garvey,Teresa,gteresanm@aboutads.info,Male,04 Clyde Gallagher Court
Elmore,Jertz,ejertznn@freewebs.com,Male,804 Roxbury Center
Tanhya,Foote,tfooteno@live.com,Female,8490 Scott Trail
Ranna,Pellew,rpellewnp@xrea.com,Female,1657 International Court
Ramsey,Pedrielli,rpedriellinq@bloglovin.com,Male,9 Comanche Hill
Joni,Drage,jdragenr@moonfruit.com,Female,76 Blaine Trail
Martha,Bichener,mbichenerns@bandcamp.com,Female,4 Almo Trail
Sarita,Shakesbye,sshakesbyent@hud.gov,Female,9527 Lighthouse Bay Place
Payton,Wreight,pwreightnu@ameblo.jp,Male,93399 Carioca Plaza
Janean,Burch,jburchnv@youtube.com,Female,36240 Ruskin Avenue
Orton,Peirce,opeircenw@stumbleupon.com,Male,4585 Barby Alley
Marius,Habberjam,mhabberjamnx@cloudflare.com,Male,79202 Ilene Place
Nickie,Alfonsetto,nalfonsettony@ow.ly,Male,336 Lyons Lane
Shanie,Dobrovolski,sdobrovolskinz@infoseek.co.jp,Female,29130 Clemons Road
Jose,Hulmes,jhulmeso0@businesswire.com,Male,6 Aberg Hill
Francis,Gayforth,fgayfortho1@npr.org,Male,719 Bartelt Street
Rodolphe,Carroll,rcarrollo2@ucoz.ru,Male,453 New Castle Crossing
Tiffani,Leveritt,tleveritto3@umich.edu,Female,823 La Follette Terrace
Abner,Briddle,abriddleo4@vistaprint.com,Male,740 Darwin Junction
Florri,Senn,fsenno5@purevolume.com,Female,01820 Di Loreto Alley
Nefen,Colleer,ncolleero6@intel.com,Male,81 Autumn Leaf Pass
Liesa,Pawlyn,lpawlyno7@topsy.com,Female,1 School Circle
Brant,Anfossi,banfossio8@zdnet.com,Male,1 Elmside Terrace
Carlin,Blagden,cblagdeno9@ucsd.edu,Male,9200 Steensland Place
Theo,Book,tbookoa@npr.org,Male,7 Graedel Pass
Hilde,Staton,hstatonob@wunderground.com,Female,166 Glendale Parkway
Monti,Wolseley,mwolseleyoc@webnode.com,Male,87 Hermina Pass
Tracey,O' Lone,toloneod@bravesites.com,Male,044 Muir Point
Marlow,Peart,mpeartoe@loc.gov,Male,067 Lillian Parkway
Gerianne,Licciardo,glicciardoof@wsj.com,Female,63 Green Crossing
Thorvald,Lapley,tlapleyog@booking.com,Male,8 8th Point
Bay,Stoving,bstovingoh@independent.co.uk,Male,52381 Pleasure Park
Bay,Linne,blinneoi@bloomberg.com,Male,1 Melby Lane
Nevil,Broomhall,nbroomhalloj@sphinn.com,Male,394 Lerdahl Avenue
Dud,Powter,dpowterok@stumbleupon.com,Male,86859 Dorton Park
Bebe,Pinney,bpinneyol@dedecms.com,Female,92 Dixon Plaza
Peggy,Placide,pplacideom@china.com.cn,Female,40 Spenser Court
Elmore,Ferdinand,eferdinandon@comsenz.com,Male,79 Eagle Crest Road
April,Bondy,abondyoo@pbs.org,Female,52286 Transport Hill
Rosy,Blampey,rblampeyop@geocities.com,Female,2 Rowland Park
Lucila,Badman,lbadmanoq@so-net.ne.jp,Female,16390 Doe Crossing Road
Allan,Felkin,afelkinor@quantcast.com,Male,104 Northview Park
Bentlee,Breslau,bbreslauos@java.com,Male,58743 Northport Crossing
Janette,Price,jpriceot@vistaprint.com,Female,572 Victoria Place
Margarette,Haskew,mhaskewou@cmu.edu,Female,8842 Briar Crest Parkway
Allegra,Hendrick,ahendrickov@digg.com,Female,037 Canary Alley
Humfrid,Bellenie,hbellenieow@telegraph.co.uk,Male,0 Boyd Point
Florinda,Skae,fskaeox@blogspot.com,Female,8243 Ridge Oak Plaza
Adelind,Jonuzi,ajonuzioy@goodreads.com,Female,0506 Banding Pass
Florence,Carley,fcarleyoz@seesaa.net,Female,95 Heffernan Point
Sandy,Munkley,smunkleyp0@ted.com,Male,048 Portage Street
Noami,Escreet,nescreetp1@nifty.com,Female,347 Mcbride Circle
Arliene,Peart,apeartp2@shop-pro.jp,Female,10 Mallard Parkway
Georgiana,Bagehot,gbagehotp3@usa.gov,Female,582 Claremont Alley
Jourdain,Leafe,jleafep4@gmpg.org,Male,81472 Almo Avenue
Howey,Shelmerdine,hshelmerdinep5@smugmug.com,Male,19 Sutherland Parkway
Isa,Sculley,isculleyp6@bbb.org,Female,078 Schlimgen Plaza
Dyanna,Warre,dwarrep7@businesswire.com,Female,31 Cascade Alley
Eimile,Corssen,ecorssenp8@state.gov,Female,4 Cottonwood Lane
Kinny,De Lorenzo,kdelorenzop9@arizona.edu,Male,30264 Jenifer Hill
Bartel,D'eath,bdeathpa@narod.ru,Male,6726 Kipling Court
Bethena,Sauvain,bsauvainpb@latimes.com,Female,5 Stuart Alley
Dalli,Rustich,drustichpc@symantec.com,Male,4 Kropf Junction
Conchita,Gorelli,cgorellipd@psu.edu,Female,6944 Anniversary Hill
Shellie,Union,sunionpe@naver.com,Female,651 Lyons Terrace
Wilburt,Bamlet,wbamletpf@msn.com,Male,17692 Texas Junction
Lotta,McKinnell,lmckinnellpg@discovery.com,Female,857 Harbort Junction
Felita,Lowman,flowmanph@harvard.edu,Female,58220 Summerview Drive
Torrence,Madge,tmadgepi@amazon.co.uk,Male,3 Graceland Avenue
Ange,Seares,asearespj@xinhuanet.com,Male,887 Eastlawn Trail
Chantal,Oxbe,coxbepk@hud.gov,Female,6 Superior Drive
Kerwin,Milbourne,kmilbournepl@bloglovin.com,Male,0 Jackson Drive
Godart,Easey,geaseypm@ameblo.jp,Male,340 Waywood Alley
Salvidor,Caplin,scaplinpn@mail.ru,Male,41 Hazelcrest Street
Emmalynne,Batsford,ebatsfordpo@ca.gov,Female,7 Delladonna Trail
Kane,Martignon,kmartignonpp@businessinsider.com,Male,0092 Surrey Junction
Edd,Orrocks,eorrockspq@linkedin.com,Male,85 Melvin Center
Cherice,Venditto,cvendittopr@jalbum.net,Female,21 Helena Road
Romain,Chisnall,rchisnallps@ow.ly,Male,207 Dottie Center
Cammie,Rofe,crofept@360.cn,Female,71086 Caliangt Pass
Frederik,Grenville,fgrenvillepu@ibm.com,Male,3 Evergreen Hill
Allix,Rayman,araymanpv@nps.gov,Female,12422 Victoria Lane
Karil,Boddymead,kboddymeadpw@craigslist.org,Female,1348 Farmco Circle
Gabby,Stair,gstairpx@mapquest.com,Male,2124 Sunfield Parkway
Rhianon,Cleaves,rcleavespy@reuters.com,Female,992 Nelson Place
Katharina,Mc Meekin,kmcmeekinpz@mediafire.com,Female,7 Roth Park
Dayle,Hansell,dhansellq0@ed.gov,Female,2 Clyde Gallagher Hill
Cyrille,Austing,caustingq1@nps.gov,Male,77 Shopko Way
Merrill,Ewers,mewersq2@desdev.cn,Female,842 Menomonie Drive
Mahmud,Sallarie,msallarieq3@about.com,Male,69 Commercial Point
Teri,Lyngsted,tlyngstedq4@wsj.com,Female,725 Nobel Place
Ingamar,Peidro,ipeidroq5@wired.com,Male,54 Esch Plaza
Gasparo,Dadds,gdaddsq6@accuweather.com,Male,3 Carey Circle
Pet,Hum,phumq7@smh.com.au,Female,959 Marquette Court
Thorndike,Meach,tmeachq8@newyorker.com,Male,71422 Dryden Road
Helenka,Smithies,hsmithiesq9@hugedomains.com,Female,44414 Hansons Parkway
Dotty,Lyosik,dlyosikqa@nyu.edu,Female,717 Luster Road
Hamilton,Ertel,hertelqb@github.com,Male,0 Harbort Court
Keary,Gilford,kgilfordqc@goodreads.com,Male,2 Erie Point
Kakalina,de Courcy,kdecourcyqd@sogou.com,Female,558 Fieldstone Road
Fanchette,Jahnel,fjahnelqe@diigo.com,Female,69 Blackbird Court
Kati,Seeborne,kseeborneqf@chronoengine.com,Female,2364 Fair Oaks Park
Maximilianus,Gerdes,mgerdesqg@etsy.com,Male,69 Laurel Road
Filip,Frankcomb,ffrankcombqh@cyberchimps.com,Male,90 Lyons Avenue
Koralle,Houlton,khoultonqi@ehow.com,Female,33384 Algoma Plaza
Gregorio,Bateup,gbateupqj@vimeo.com,Male,29778 Katie Drive
Kellsie,Elsop,kelsopqk@shinystat.com,Female,29 Daystar Avenue
Jillian,Leach,jleachql@123-reg.co.uk,Female,102 Melody Drive
Cleon,Roll,crollqm@wiley.com,Male,22136 Blaine Pass
Penni,Jakubovsky,pjakubovskyqn@qq.com,Female,7575 Moose Plaza
Stephen,Gurton,sgurtonqo@list-manage.com,Male,24452 Hanover Junction
Dannie,Bambury,dbamburyqp@cnn.com,Male,3 Summer Ridge Alley
Randell,Adess,radessqq@house.gov,Male,3500 Express Point
Ogdan,Harwell,oharwellqr@fda.gov,Male,11698 Arapahoe Park
Benny,Espie,bespieqs@meetup.com,Male,36923 Boyd Parkway
Rabi,Cloney,rcloneyqt@geocities.jp,Male,48 Ridge Oak Plaza
Guthrie,Willmetts,gwillmettsqu@home.pl,Male,1149 Jenifer Park
Erskine,Lambot,elambotqv@cdbaby.com,Male,9 Dawn Terrace
Matthias,Hazeup,mhazeupqw@wsj.com,Male,18 Continental Circle
Cristi,Skitteral,cskitteralqx@hibu.com,Female,37835 Walton Center
Kyla,Aleksic,kaleksicqy@ucoz.ru,Female,02 Dapin Alley
Deeyn,Stobo,dstoboqz@ehow.com,Female,801 Coolidge Parkway
Edwin,Hardwell,ehardwellr0@elegantthemes.com,Male,614 Monument Avenue
Crosby,Murcott,cmurcottr1@spiegel.de,Male,0 Weeping Birch Street
Angelico,Kittle,akittler2@baidu.com,Male,43357 Vernon Crossing
Neila,Felkin,nfelkinr3@buzzfeed.com,Female,4415 Cottonwood Place
Romonda,Bentsen,rbentsenr4@businesswire.com,Female,8 Scott Pass
Luciano,Seth,lsethr5@theglobeandmail.com,Male,271 Columbus Road
Desi,Hegg,dheggr6@alexa.com,Male,872 Darwin Park
Maurie,Rosel,mroselr7@ox.ac.uk,Male,25 8th Center
Arlin,O'Leary,aolearyr8@altervista.org,Male,930 Eastlawn Pass
Goldy,O'Hogertie,gohogertier9@ca.gov,Female,342 Kedzie Way
Christoper,Stirman,cstirmanra@amazonaws.com,Male,26840 Hayes Center
Care,Walling,cwallingrb@tinypic.com,Male,88543 Westridge Junction
Robenia,Trathan,rtrathanrc@mysql.com,Female,50380 Emmet Lane
Leoine,Creelman,lcreelmanrd@wp.com,Female,0329 Ruskin Crossing
Merrel,Eccleshare,mecclesharere@sitemeter.com,Male,79 Village Green Trail
Harland,Poone,hpoonerf@jimdo.com,Male,277 Sunnyside Center
Wolfgang,Griffitts,wgriffittsrg@paypal.com,Male,73101 Hayes Trail
Giuditta,Washbrook,gwashbrookrh@free.fr,Female,7 Cottonwood Terrace
Kasper,Babcock,kbabcockri@ebay.com,Male,3688 Blackbird Junction
Franky,Baudin,fbaudinrj@woothemes.com,Male,6 Village Way
Adella,Whewill,awhewillrk@hostgator.com,Female,072 Oak Valley Junction
Dominik,Stapele,dstapelerl@macromedia.com,Male,25890 Stang Place
Spencer,Molyneux,smolyneuxrm@domainmarket.com,Male,6956 Eastwood Parkway
Bernard,Campsall,bcampsallrn@nifty.com,Male,09464 Colorado Parkway
Maisie,Disley,mdisleyro@symantec.com,Female,04851 Main Circle
Eveleen,Tansley,etansleyrp@fotki.com,Female,1096 Nevada Point
Cullie,Ridde,cridderq@cdc.gov,Male,739 Wayridge Junction
Georgette,Ghiraldi,gghiraldirr@github.io,Female,78801 Oakridge Plaza
